<featureType>
  <id>FeatureTypeInfoImpl--4dcbdce:1611de58b4f:-7f7c</id>
  <name>Project</name>
  <nativeName>Project</nativeName>
  <namespace>
    <id>NamespaceInfoImpl--3396db5:15df08c52e7:-1180</id>
  </namespace>
  <title>Project</title>
  <keywords>
    <string>features</string>
    <string>Project</string>
  </keywords>
  <srs>EPSG:404000</srs>
  <nativeBoundingBox>
    <minx>-1.0</minx>
    <maxx>0.0</maxx>
    <miny>-1.0</miny>
    <maxy>0.0</maxy>
    <crs class="projected">EPSG:900913</crs>
  </nativeBoundingBox>
  <latLonBoundingBox>
    <minx>-1.0</minx>
    <maxx>0.0</maxx>
    <miny>-1.0</miny>
    <maxy>0.0</maxy>
    <crs>EPSG:4326</crs>
  </latLonBoundingBox>
  <projectionPolicy>FORCE_DECLARED</projectionPolicy>
  <enabled>true</enabled>
  <store class="dataStore">
    <id>DataStoreInfoImpl--4dcbdce:1611de58b4f:-7f84</id>
  </store>
  <maxFeatures>0</maxFeatures>
  <numDecimals>0</numDecimals>
  <overridingServiceSRS>false</overridingServiceSRS>
  <skipNumberMatched>false</skipNumberMatched>
  <circularArcPresent>false</circularArcPresent>
</featureType>