<wmts>
  <id>WMTSInfoImpl-5358cd5a:15ee64da505:-7fae</id>
  <workspace>
    <id>WorkspaceInfoImpl--3396db5:15df08c52e7:-1181</id>
  </workspace>
  <enabled>true</enabled>
  <name>WMTS</name>
  <title>GeoServer Web Map Tile Service</title>
  <maintainer>http://geoserver.geobrowser.ch</maintainer>
  <abstrct>A compliant implementation of WMTS service.</abstrct>
  <accessConstraints>NONE</accessConstraints>
  <fees>NONE</fees>
  <versions>
    <org.geotools.util.Version>
      <version>1.0.0</version>
    </org.geotools.util.Version>
  </versions>
  <citeCompliant>false</citeCompliant>
  <onlineResource>http://geoserver.geobrowser.ch</onlineResource>
  <schemaBaseURL>http://schemas.opengis.net</schemaBaseURL>
  <verbose>false</verbose>
</wmts>