<layer>
  <name>Intensity</name>
  <id>LayerInfoImpl--4dcbdce:1611de58b4f:-7f0d</id>
  <type>VECTOR</type>
  <defaultStyle>
    <id>StyleInfoImpl--4dcbdce:1611de58b4f:-7eb0</id>
  </defaultStyle>
  <styles class="linked-hash-set">
    <style>
      <id>StyleInfoImpl--4dcbdce:1611de58b4f:-7eb0</id>
    </style>
  </styles>
  <resource class="featureType">
    <id>FeatureTypeInfoImpl--4dcbdce:1611de58b4f:-7f0e</id>
  </resource>
  <attribution>
    <logoWidth>0</logoWidth>
    <logoHeight>0</logoHeight>
  </attribution>
</layer>