<layer>
  <name>ProtectionMeasure</name>
  <id>LayerInfoImpl-131338dc:162cdd252b4:-7ffd</id>
  <type>VECTOR</type>
  <defaultStyle>
    <id>StyleInfoImpl-37b18cc6:14d5d036d48:-8000</id>
  </defaultStyle>
  <styles class="linked-hash-set">
    <style>
      <id>StyleInfoImpl-530108a4:16565f3feaa:5a10</id>
    </style>
  </styles>
  <resource class="featureType">
    <id>FeatureTypeInfoImpl-131338dc:162cdd252b4:-7ffe</id>
  </resource>
  <attribution>
    <logoWidth>0</logoWidth>
    <logoHeight>0</logoHeight>
  </attribution>
</layer>