<featureType>
  <id>FeatureTypeInfoImpl--6cd39de7:164020561d7:-7fff</id>
  <name>DamageView</name>
  <nativeName>DamageView</nativeName>
  <namespace>
    <id>NamespaceInfoImpl--3396db5:15df08c52e7:-1180</id>
  </namespace>
  <title>DamageView</title>
  <keywords>
    <string>features</string>
    <string>DamageView</string>
  </keywords>
  <nativeCRS class="projected">PROJCS[&quot;WGS84 / Google Mercator&quot;, &#xd;
  GEOGCS[&quot;WGS 84&quot;, &#xd;
    DATUM[&quot;World Geodetic System 1984&quot;, &#xd;
      SPHEROID[&quot;WGS 84&quot;, 6378137.0, 298.257223563, AUTHORITY[&quot;EPSG&quot;,&quot;7030&quot;]], &#xd;
      AUTHORITY[&quot;EPSG&quot;,&quot;6326&quot;]], &#xd;
    PRIMEM[&quot;Greenwich&quot;, 0.0, AUTHORITY[&quot;EPSG&quot;,&quot;8901&quot;]], &#xd;
    UNIT[&quot;degree&quot;, 0.017453292519943295], &#xd;
    AXIS[&quot;Longitude&quot;, EAST], &#xd;
    AXIS[&quot;Latitude&quot;, NORTH], &#xd;
    AUTHORITY[&quot;EPSG&quot;,&quot;4326&quot;]], &#xd;
  PROJECTION[&quot;Mercator_1SP&quot;], &#xd;
  PARAMETER[&quot;semi_minor&quot;, 6378137.0], &#xd;
  PARAMETER[&quot;latitude_of_origin&quot;, 0.0], &#xd;
  PARAMETER[&quot;central_meridian&quot;, 0.0], &#xd;
  PARAMETER[&quot;scale_factor&quot;, 1.0], &#xd;
  PARAMETER[&quot;false_easting&quot;, 0.0], &#xd;
  PARAMETER[&quot;false_northing&quot;, 0.0], &#xd;
  UNIT[&quot;m&quot;, 1.0], &#xd;
  AXIS[&quot;x&quot;, EAST], &#xd;
  AXIS[&quot;y&quot;, NORTH], &#xd;
  AUTHORITY[&quot;EPSG&quot;,&quot;900913&quot;]]</nativeCRS>
  <srs>EPSG:900913</srs>
  <nativeBoundingBox>
    <minx>-7368610.74103354</minx>
    <maxx>-7315100.04391965</maxx>
    <miny>-1990018.92214749</miny>
    <maxy>-1954986.87662154</maxy>
    <crs class="projected">EPSG:900913</crs>
  </nativeBoundingBox>
  <latLonBoundingBox>
    <minx>-66.19335651397702</minx>
    <maxx>-65.71266174316405</maxx>
    <miny>-17.593466838686126</miny>
    <maxy>-17.293240811888904</maxy>
    <crs>EPSG:4326</crs>
  </latLonBoundingBox>
  <projectionPolicy>FORCE_DECLARED</projectionPolicy>
  <enabled>true</enabled>
  <metadata>
    <entry key="elevation">
      <dimensionInfo>
        <enabled>false</enabled>
      </dimensionInfo>
    </entry>
    <entry key="time">
      <dimensionInfo>
        <enabled>false</enabled>
        <defaultValue/>
      </dimensionInfo>
    </entry>
    <entry key="cachingEnabled">false</entry>
  </metadata>
  <store class="dataStore">
    <id>DataStoreInfoImpl-26adb1fa:163dde11734:-4f3d</id>
  </store>
  <maxFeatures>0</maxFeatures>
  <numDecimals>0</numDecimals>
  <overridingServiceSRS>false</overridingServiceSRS>
  <skipNumberMatched>false</skipNumberMatched>
  <circularArcPresent>false</circularArcPresent>
</featureType>